<EIFFEL_CLASS_DIAGRAM><VIEW IS_UML="False" NAME="DEFAULT:BON"><ANCESTOR_DEPTH>1</ANCESTOR_DEPTH><DESCENDANT_DEPTH>1</DESCENDANT_DEPTH><CLIENT_DEPTH>0</CLIENT_DEPTH><SUPPLIER_DEPTH>0</SUPPLIER_DEPTH><ALL_CLASSES_IN_CLUSTER>False</ALL_CLASSES_IN_CLUSTER><ONLY_CLASSES_IN_CLUSTER>False</ONLY_CLASSES_IN_CLUSTER><CENTER_CLASS_NAME>ARRAYED_HEAP</CENTER_CLASS_NAME><CENTER_CLASS_GROUP_ID>D4B96082-4FC5-4CC7-8F95-15AF390DC04F@scheduler@model</CENTER_CLASS_GROUP_ID><INHERITANCE_LINKS_DISPLAYED>True</INHERITANCE_LINKS_DISPLAYED><CLIENT_LINKS_DISPLAYED>True</CLIENT_LINKS_DISPLAYED><LABELS_SHOWN>True</LABELS_SHOWN><CLUSTER_SHOWN>True</CLUSTER_SHOWN><HIGH_QUALITY>True</HIGH_QUALITY><LEGEND_SHOWN>False</LEGEND_SHOWN><LEGEND_X_POS>0</LEGEND_X_POS><LEGEND_Y_POS>0</LEGEND_Y_POS><IS_RIGHT_ANGLES>False</IS_RIGHT_ANGLES><SCALE_FACTOR>1</SCALE_FACTOR><ROOT_ELEMENTS><BON_CLASS_FIGURE CLUSTER_NAME="model" GROUP_ID="D4B96082-4FC5-4CC7-8F95-15AF390DC04F@scheduler@model" CLASS_FIGURE_ID="829716C1-F60C-46FC-A394-D342FBFD35F9" NAME="ARRAYED_HEAP"><IS_SELECTED>False</IS_SELECTED><IS_LABEL_SHOWN>True</IS_LABEL_SHOWN><IS_FIXED>True</IS_FIXED><PORT_X>120</PORT_X><PORT_Y>156</PORT_Y><IS_DEFAULT_BG_COLOR_USED>True</IS_DEFAULT_BG_COLOR_USED><IS_NEEDED_ON_DIAGRAM>True</IS_NEEDED_ON_DIAGRAM></BON_CLASS_FIGURE><BON_CLASS_FIGURE CLUSTER_NAME="elks" GROUP_ID="6D7FF712-BBA5-4AC0-AABF-2D9880493A01@base@elks" CLASS_FIGURE_ID="397648D3-8879-4B2A-B212-A2ABADD8D3EB" NAME="ANY"><IS_SELECTED>False</IS_SELECTED><IS_LABEL_SHOWN>True</IS_LABEL_SHOWN><IS_FIXED>False</IS_FIXED><PORT_X>169</PORT_X><PORT_Y>60</PORT_Y><IS_DEFAULT_BG_COLOR_USED>True</IS_DEFAULT_BG_COLOR_USED><IS_NEEDED_ON_DIAGRAM>True</IS_NEEDED_ON_DIAGRAM></BON_CLASS_FIGURE><BON_INHERITANCE_FIGURE TARGET="397648D3-8879-4B2A-B212-A2ABADD8D3EB" SOURCE="829716C1-F60C-46FC-A394-D342FBFD35F9"><IS_SELECTED>False</IS_SELECTED><IS_LABEL_SHOWN>False</IS_LABEL_SHOWN><IS_DIRECTED>True</IS_DIRECTED><EDGES></EDGES><LINE_WIDTH>2</LINE_WIDTH><LINE_COLOR>230;0;0</LINE_COLOR><IS_NEEDED_ON_DIAGRAM>True</IS_NEEDED_ON_DIAGRAM><REAL_LINE_WIDTH>200</REAL_LINE_WIDTH></BON_INHERITANCE_FIGURE></ROOT_ELEMENTS></VIEW></EIFFEL_CLASS_DIAGRAM>